IF NOT EXISTS ( SELECT * FROM AMS.FiscalYear)
INSERT INTO AMS.FiscalYear(FY_Id, AD_FY, BS_FY, Current_FY, Start_ADDate, End_ADDate, Start_BSDate, End_BSDate)
SELECT FiscalYearId, ADFiscalYear, BSFiscalYear, DefaultYear, StartADDate, EndADDate, StartBSDate, EndBSDate FROM master.AMS.FiscalYear

IF NOT EXISTS ( SELECT * FROM AMS.Branch)
INSERT INTO AMS.Branch(Branch_ID, NepaliDesc, Branch_Name, Branch_Code, Reg_Date, Address, Country, State, City, PhoneNo, Fax, Email, ContactPerson, ContactPersonAdd, ContactPersonPhone, Created_By, Created_Date, Modify_By, Modify_Date, SyncBaseId, SyncGlobalId, SyncOriginId, SyncCreatedOn, SyncLastPatchedOn, SyncRowVersion)
VALUES (1,N'MAIN OFFICE',N'MAIN OFFICE',N'MO0001',GETDATE(),N'HEAD OFFICE','NEPAL',NULL,NULL,NULL,NULL,NULL,NULL,NULL,NULL,N'MrSolution',GETDATE(),NULL,NULL,NULL,NULL,NULL,NULL,NULL,1)

IF NOT EXISTS ( SELECT * FROM AMS.Currency)
INSERT INTO AMS.Currency(CId, NepaliDesc, CName, CCode, CRate, Branch_ID, Company_Id, Status, IsDefault, EnterBy, EnterDate, SyncBaseId, SyncGlobalId, SyncOriginId, SyncCreatedOn, SyncLastPatchedOn, SyncRowVersion)
VALUES (1,N'NPR',N'NPR',N'NPR',1,1,NULL,1,1,N'MrSolution',GETDATE(),NULL,NULL,NULL,NULL,NULL,1),
(2,N'INR',N'INR',N'INR',1.6015,1,NULL,1,1,N'MrSolution',GETDATE(),NULL,NULL,NULL,NULL,NULL,1),
(3,N'USD',N'USD',N'USD',1,1,NULL,1,1,N'MrSolution',GETDATE(),NULL,NULL,NULL,NULL,NULL,1);

IF NOT EXISTS ( SELECT * FROM AMS.AccountGroup)
INSERT INTO AMS.AccountGroup(GrpId, NepaliDesc, GrpName, GrpCode, Schedule, PrimaryGrp, GrpType, Branch_ID, Company_Id, Status, EnterBy, EnterDate, PrimaryGroupId, IsDefault, SyncBaseId, SyncGlobalId, SyncOriginId, SyncCreatedOn, SyncLastPatchedOn, SyncRowVersion)
VALUES 
(1, N'CAPITAL AND GENERAL RESERVE',N'CAPITAL AND GENERAL RESERVE', N'CA00001', 1,N'BS', N'L', 1, NULL, CONVERT(bit, 'True'), N'MrSolution', GETDATE(), NULL, '1', NULL,NULL,NULL,NULL,NULL,1),
(2, N'ADMINISTRATIVE EXPENSES',N'ADMINISTRATIVE EXPENSES', N'AD00001', 2, N'PL', N'E', 1, NULL, CONVERT(bit, 'True'), N'MrSolution', GETDATE(), NULL, '1', NULL,NULL,NULL,NULL,NULL,1),
(3, N'BILLS PAYABLE',N'BILLS PAYABLE', N'BI00001', 3, N'BS', N'L', 1, NULL, CONVERT(bit, 'True'), N'MrSolution', GETDATE(), NULL, '1', NULL,NULL,NULL,NULL,NULL,1),
(4, N'CASH & BANK',N'CASH & BANK', N'CA00002', 4, N'BS', N'A', 1, NULL, CONVERT(bit, 'True'), N'MrSolution', GETDATE(), NULL, '1', NULL,NULL,NULL,NULL,NULL,1),
(5, N'CURRENT ASSETS',N'CURRENT ASSETS', N'CU00001', 5, N'BS', N'A', 1, NULL, CONVERT(bit, 'True'), N'MrSolution', GETDATE(), NULL, '1', NULL,NULL,NULL,NULL,NULL,1),
(6, N'CURRENT LIABILITIES',N'CURRENT LIABILITIES', N'CU00002', 6, N'BS', N'L', 1, NULL, CONVERT(bit, 'True'), N'MrSolution', GETDATE(), NULL, '1', NULL,NULL,NULL,NULL,NULL,1),
(7, N'DIRECT EXPENSES',N'DIRECT EXPENSES', N'DI00001', 7, N'PL', N'E', 1, NULL, CONVERT(bit, 'True'), N'MrSolution', GETDATE(), NULL, '1', NULL,NULL,NULL,NULL,NULL,1),
(8, N'DIS-ALLOWED EXPENSES',N'DIS-ALLOWED EXPENSES', N'DI00002', 8, N'PL', N'E', 1, NULL, CONVERT(bit, 'True'), N'MrSolution', GETDATE(), NULL, '1', NULL,NULL,NULL,NULL,NULL,1),
(9, N'FIXED ASSETS',N'FIXED ASSETS', N'FI00001', 9, N'BS', N'A', 1, NULL, CONVERT(bit, 'True'), N'MrSolution', GETDATE(), NULL, '1', NULL,NULL,NULL,NULL,NULL,1),
(10,N'INCOME (REVENUE)',N'INCOME (REVENUE)', N'IN00001', 10, N'PL', N'I', 1, NULL, CONVERT(bit, 'True'), N'MrSolution', GETDATE(), NULL, '1', NULL,NULL,NULL,NULL,NULL,1),
(11,N'BILLS PAYABLE',N'INDIRECT EXPENSES', N'IN00002', 11, N'PL', N'E', 1, NULL, CONVERT(bit, 'True'), N'MrSolution', GETDATE(), NULL, '1', NULL,NULL,NULL,NULL,NULL,1),
(12,N'BILLS PAYABLE',N'SELLING & DISTRIBUTION EXPENSES', N'SE00001', 12, N'PL', N'E', 1, NULL, CONVERT(bit, 'True'), N'MrSolution', GETDATE(), NULL, '1', NULL,NULL,NULL,NULL,NULL,1),
(13,N'SUNDRY CREDITORS',N'SUNDRY CREDITORS', N'SU00001', 13, N'BS', N'L', 1, NULL, CONVERT(bit, 'True'), N'MrSolution', GETDATE(), NULL, '1', NULL,NULL,NULL,NULL,NULL,1),
(14,N'SUNDRY DEBTORS',N'SUNDRY DEBTORS', N'SU00002', 14, N'BS', N'A', 1, NULL, CONVERT(bit, 'True'), N'MrSolution', GETDATE(), NULL, '1', NULL,NULL,NULL,NULL,NULL,1),
(15,N'BILLS RECEIVABLE',N'BILLS RECEIVABLE', N'BI00002', 15, N'BS', N'A', 1, NULL, CONVERT(bit, 'True'), N'MrSolution', GETDATE(), NULL, '1', NULL,NULL,NULL,NULL,NULL,1),
(16,N'COST OF GOODS SOLD',N'COST OF GOODS SOLD', N'CS00001', 16, N'TA', N'I', 1, NULL, CONVERT(bit, 'True'), N'MrSolution', GETDATE(), NULL, '1', NULL,NULL,NULL,NULL,NULL,1),
(17,N'CLEANING CHARGES',N'CLEANING CHARGES', N'CL00001', 17, N'TA', N'E', 1, NULL, CONVERT(bit, 'True'), N'MrSolution', GETDATE(), NULL, '1', NULL,NULL,NULL,NULL,NULL,1),
(18,N'EXCISE DUTY',N'EXCISE DUTY', N'EX00001', 18, N'TA', N'E', 1, NULL, CONVERT(bit, 'True'), N'MrSolution', GETDATE(), NULL, '1', NULL,NULL,NULL,NULL,NULL,1),
(19,N'MAINTEANANCE EXPENSES',N'MAINTEANANCE EXPENSES', N'MA00001', 19, N'PL', N'E', 1, NULL, CONVERT(bit, 'True'), N'MrSolution', GETDATE(), NULL, '1', NULL,NULL,NULL,NULL,NULL,1),
(20,N'FINANCIAL EXPENSES',N'FINANCIAL EXPENSES', N'FI00002', 20, N'PL', N'E', 1, NULL, CONVERT(bit, 'True'), N'MrSolution', GETDATE(), NULL, '1', NULL,NULL,NULL,NULL,NULL,1),
(21,N'EXPENSES AS WRITTEN OFF',N'EXPENSES AS WRITTEN OFF', N'EX00002', 21, N'PL', N'E', 1, NULL, CONVERT(bit, 'True'), N'MrSolution', GETDATE(), NULL, '1', NULL,NULL,NULL,NULL,NULL,1),
(22,N'INTANGIBLE ASSETS WRITTEN OFF',N'INTANGIBLE ASSETS WRITTEN OFF', N'IN00003', 22, N'PL', N'E', 1, NULL, CONVERT(bit, 'True'), N'MrSolution', GETDATE(), NULL, '1', NULL,NULL,NULL,NULL,NULL,1),
(23,N'RESERVE & SURPLUS',N'RESERVE & SURPLUS', N'RE00001', 23, N'BS', N'L', 1, NULL, CONVERT(bit, 'True'), N'MrSolution', GETDATE(), NULL, '1', NULL,NULL,NULL,NULL,NULL,1),
(24,N'SECURED LOAN',N'SECURED LOAN', N'SE00002', 24, N'BS', N'L', 1, NULL, CONVERT(bit, 'True'), N'MrSolution', GETDATE(), NULL, '1', NULL,NULL,NULL,NULL,NULL,1),
(25,N'PROVISIONS',N'PROVISIONS', N'PR00001', 25, N'BS', N'L', 1, NULL, CONVERT(bit, 'True'), N'MrSolution', GETDATE(), NULL, '1', NULL,NULL,NULL,NULL,NULL,1),
(26,N'INVESTMENT',N'INVESTMENT', N'IN00004', 26, N'BS', N'A', 1, NULL, CONVERT(bit, 'True'), N'MrSolution', GETDATE(), NULL, '1', NULL,NULL,NULL,NULL,NULL,1),
(27,N'MISCELLANEOUS EXPENDITURE',N'MISCELLANEOUS EXPENDITURE', N'MI00001', 27, N'BS', N'A', 1, NULL, CONVERT(bit, 'True'), N'MrSolution', GETDATE(), NULL, '1', NULL,NULL,NULL,NULL,NULL,1),
(28,N'LOAN AND ADVANCES',N'LOAN AND ADVANCES', N'LO00001', 28, N'BS', N'A', 1, NULL, CONVERT(bit, 'True'), N'MrSolution', GETDATE(), NULL, '1', NULL,NULL,NULL,NULL,NULL,1);

IF NOT EXISTS ( SELECT * FROM AMS.AccountSubGroup)
INSERT INTO AMS.AccountSubGroup(SubGrpId, NepaliDesc, SubGrpName, GrpId, SubGrpCode, Branch_ID, Company_Id, Status, EnterBy, EnterDate, PrimaryGroupId, PrimarySubGroupId, IsDefault, SyncBaseId, SyncGlobalId, SyncOriginId, SyncCreatedOn, SyncLastPatchedOn, SyncRowVersion)
VALUES 
(1, N'CASH IN HAND',N'CASH IN HAND', 4, N'CA00001', 1, NULL, CONVERT(bit, 'True'), N'MrSolution', GETDATE(), 0, NULL, '1', NULL,NULL,NULL,NULL,NULL,1),
(2, N'CASH AT BANK',N'CASH AT BANK', 4, N'CA00002', 1, NULL, CONVERT(bit, 'True'), N'MrSolution', GETDATE(), 0, NULL, '1', NULL,NULL,NULL,NULL,NULL,1);

IF NOT EXISTS ( SELECT * FROM AMS.GeneralLedger)
INSERT INTO AMS.GeneralLedger(GLID, NepaliDesc, GLName, GLCode, ACCode, GLType, GrpId, PrimaryGroupId, SubGrpId, PrimarySubGroupId, PanNo, AreaId, AgentId, CurrId, CrDays, CrLimit, 
CrTYpe, IntRate, GLAddress, PhoneNo, LandLineNo, OwnerName, OwnerNumber, Scheme, Email, Branch_ID, Company_Id, EnterBy, EnterDate, Status, IsDefault, SyncBaseId, SyncGlobalId, SyncOriginId, SyncCreatedOn, SyncLastPatchedOn, SyncRowVersion)
VALUES(1, N'CASH A/C', N'CASH A/C', N'CA00001', N'400001', N'Cash', 4, NULL, 1, NULL, NULL, NULL, NULL, 1, 0, 0, N'I', 0, NULL, NULL, NULL, NULL, NULL, NULL, NULL, 1, NULL, N'MrSolution', GETDATE(), CONVERT(BIT, 'True'), 1, NULL, NULL, NULL, NULL, NULL, 1),
    (2, N'CIVIL BANK LTD A/C', N'CIVIL BANK LTD A/C', N'CI00001', N'400002', N'Bank', 4, NULL, 2, NULL, NULL, NULL, NULL, NULL, 1, 0, N'I', 0, NULL, NULL, NULL, NULL, NULL, NULL, NULL, 1, NULL, N'MrSolution', GETDATE(), CONVERT(BIT, 'True'), 1, NULL, NULL, NULL, NULL, NULL, 1),
    (3, N'CLOSING STOCK A/C', N'CLOSING STOCK A/C', N'CL00001', N'1000001', N'Other', 10, NULL, NULL, NULL, NULL, NULL, NULL, NULL, 1, 0, N'I', 0, NULL, NULL, NULL, NULL, NULL, NULL, NULL, 1, NULL, N'MrSolution', GETDATE(), CONVERT(BIT, 'True'), 1, NULL, NULL, NULL, NULL, NULL, 1),
    (4, N'CUSTOM DUTY A/C', N'CUSTOM DUTY A/C', N'CU00001', N'200002', N'Other', 2, NULL, NULL, NULL, NULL, NULL, NULL, NULL, 1, 0, N'I', 0, NULL, NULL, NULL, NULL, NULL, NULL, NULL, 1, NULL, N'MrSolution', GETDATE(), CONVERT(BIT, 'True'), 1, NULL, NULL, NULL, NULL, NULL, 1),
    (6, N'DISCOUNT ALLOWED', N'DISCOUNT ALLOWED', N'DI00001', N'200004', N'Other', 2, NULL, NULL, NULL, NULL, NULL, NULL, NULL, 1, 0, N'I', 0, NULL, NULL, NULL, NULL, NULL, NULL, NULL, 1, NULL, N'MrSolution', GETDATE(), CONVERT(BIT, 'True'), 1, NULL, NULL, NULL, NULL, NULL, 1),
    (7, N'DEPRECIATION EXPENSES', N'DEPRECIATION EXPENSES', N'DE00002', N'200005', N'Other', 2, NULL, NULL, NULL, NULL, NULL,NULL, 1, 0, 0, N'I', 0, NULL, NULL, NULL, NULL, NULL, NULL, NULL, 1, NULL, N'MrSolution', GETDATE(), CONVERT(BIT, 'True'), 1, NULL, NULL, NULL, NULL, NULL, 1),
    (8, N'DISCOUNT RECEIVED', N'DISCOUNT RECEIVED', N'DI00002', N'1000002', N'Other', 10, NULL, NULL, NULL, NULL, NULL, NULL, 1, 0,0, N'I', 0, NULL, NULL, NULL, NULL, NULL, NULL, NULL, 1, NULL, N'MrSolution', GETDATE(), CONVERT(BIT, 'True'), 1, NULL, NULL, NULL, NULL, NULL, 1),
    (9, N'FINE & PENALTY EXPENSES', N'FINE & PENALTY EXPENSES', N'FI00001', N'200007', N'Other', 2, NULL, NULL, NULL, NULL, NULL, NULL, NULL, 1, 0, N'I', 0, NULL, NULL, NULL, NULL, NULL, NULL, NULL, 1, NULL, N'MrSolution', GETDATE(), CONVERT(BIT, 'True'), 1, NULL, NULL, NULL, NULL, NULL, 1),
    (10, N'FREIGHT CHARGE', N'FREIGHT CHARGE', N'FR00001', N'200008', N'Other', 2, NULL, NULL, NULL, NULL, NULL, NULL, NULL, 1, 0, N'I', 0, NULL, NULL, NULL, NULL, NULL, NULL, NULL, 1, NULL, N'MrSolution', GETDATE(), CONVERT(BIT, 'True'), 1, NULL, NULL, NULL, NULL, NULL, 1),
    (11, N'INTEREST EXPENSES', N'INTEREST EXPENSES', N'IN00001', N'200009', N'Other', 2, NULL, NULL, NULL, NULL, NULL, NULL, NULL, 1, 0, N'I', 0, NULL, NULL, NULL, NULL, NULL, NULL, NULL, 1, NULL, N'MrSolution', GETDATE(), CONVERT(BIT, 'True'), 1, NULL, NULL, NULL, NULL, NULL, 1),
    (12, N'LOADING & UNLOADING EXPENSES', N'LOADING & UNLOADING EXPENSES', N'LO00001', N'200010', N'Other', 2, NULL, NULL, NULL, NULL, NULL, NULL, NULL, 1, 0, N'I', 0, NULL, NULL, NULL, NULL, NULL, NULL, NULL, 1, NULL, N'MrSolution', GETDATE(), CONVERT(BIT, 'True'), 1, NULL, NULL, NULL, NULL, NULL, 1),
    (13, N'M&R SOLUTION', N'M&R SOLUTION', N'M&00001', N'1300001', N'Vendor', 13, NULL, NULL, NULL, 606389543, NULL, NULL, NULL, 1, 0, N'I', 0, NULL, NULL, NULL, NULL, NULL, NULL, NULL, 1, NULL, N'MrSolution', GETDATE(), CONVERT(BIT, 'True'), 1, NULL, NULL, NULL, NULL, NULL, 1),
    (14, N'MARKETING EXPENSES', N'MARKETING EXPENSES', N'MA00001', N'200011', N'Other', 2, NULL, NULL, NULL, NULL, NULL, NULL, NULL,1, 0, N'I', 0, NULL, NULL, NULL, NULL, NULL, NULL, NULL, 1, NULL, N'MrSolution', GETDATE(), CONVERT(BIT, 'True'), 1, NULL, NULL, NULL, NULL, NULL, 1),
    (15, N'MISCELLANEOUS EXPENSES', N'MISCELLANEOUS EXPENSES', N'MI00001', N'200012', N'Other', 2, NULL, NULL, NULL, NULL, NULL, NULL, NULL, 1, 0, N'I', 0, NULL, NULL, NULL, NULL, NULL, NULL, NULL, 1, NULL, N'MrSolution', GETDATE(), CONVERT(BIT, 'True'), 1, NULL, NULL, NULL, NULL, NULL, 1),
    (16, N'MRSOLUTION | ACCOUNT & INVENTORY MANAGEMENT SYSTEM', N'MRSOLUTION | ACCOUNT & INVENTORY MANAGEMENT SYSTEM', N'MR00001', N'900002', N'Other', 9, NULL, NULL, NULL, NULL, NULL, NULL, 1,0,0, N'I', 0, NULL, NULL, NULL, NULL, NULL, NULL, NULL, 1, NULL, N'MrSolution', GETDATE(), CONVERT(BIT, 'True'), 1, NULL, NULL, NULL, NULL, NULL, 1),
    (17, N'DECLERATION FEES', N'DECLERATION FEES', N'DE0003', N'200013', N'Other', 2, NULL, NULL, NULL, NULL, NULL, NULL,1, 0, 0, N'I', 0, NULL, NULL, NULL, NULL, NULL, NULL, NULL, 1, NULL, N'MrSolution', GETDATE(), CONVERT(BIT, 'True'), 1, NULL, NULL, NULL, NULL, NULL, 1),
    (18, N'OFFICE EXPENSES A/C', N'OFFICE EXPENSES A/C', N'OF00001', N'200014', N'Other', 2, NULL, NULL, NULL, NULL, NULL, NULL, 1, 0, 0, N'I', 0, NULL, NULL, NULL, NULL, NULL, NULL, NULL, 1, NULL, N'MrSolution', GETDATE(), CONVERT(BIT, 'True'), 1, NULL, NULL, NULL, NULL, NULL, 1),
    (19, N'OPENING STOCK A/C', N'OPENING STOCK A/C', N'OP00001', N'200015', N'Other', 2, NULL, NULL, NULL, NULL, NULL, NULL, 1, 0, 0, N'I', 0, NULL, NULL, NULL, NULL, NULL, NULL, NULL, 1, NULL, N'MrSolution', GETDATE(), CONVERT(BIT, 'True'), 1, NULL, NULL, NULL, NULL, NULL, 1),
    (20, N'PRE-PAID EXPENSES A/C', N'PRE-PAID EXPENSES A/C', N'PR00001', N'200016', N'Other', 2, NULL, NULL, NULL, NULL, NULL, NULL,1, 0, 0, N'I', 0, NULL, NULL, NULL, NULL, NULL, NULL, NULL, 1, NULL, N'MrSolution', GETDATE(), CONVERT(BIT, 'True'), 1, NULL, NULL, NULL, NULL, NULL, 1),
    (21, N'PRINTING AND STATIONERY EXPENSES', N'PRINTING AND STATIONERY EXPENSES', N'PR00002', N'900003', N'Other', 9, NULL, NULL, NULL, NULL, NULL, NULL,  1, 0, 0, N'I', 0, NULL, NULL, NULL, NULL, NULL, NULL, NULL, 1, NULL, N'MrSolution', GETDATE(), CONVERT(BIT, 'True'), 1, NULL, NULL, NULL, NULL, NULL, 1),
    (22, N'PROFIT & LOSS', N'PROFIT & LOSS', N'PR00003', N'100012', N'Other', 1, NULL, NULL, NULL, NULL, NULL, NULL,  1, 0, 0, N'I', 0, NULL, NULL, NULL, NULL, NULL, NULL, NULL, 1, NULL, N'MrSolution', GETDATE(), CONVERT(BIT, 'True'), 1, NULL, NULL, NULL, NULL, NULL, 1),
    (23, N'PROFIT & LOSS A/C UPTO PREVIOUS YEAR', N'PROFIT & LOSS A/C UPTO PREVIOUS YEAR', N'PR00004', N'100013', N'Other', 1, NULL, NULL, NULL, NULL, NULL, NULL,  1, 0, 0, N'I', 0, NULL, NULL, NULL, NULL, NULL, NULL, NULL, 1, NULL, N'MrSolution', GETDATE(), CONVERT(BIT, 'True'), 1, NULL, NULL, NULL, NULL, NULL, 1),
    (24, N'PURCHASE A/C', N'PURCHASE A/C', N'PU00001', N'200018', N'Other', 2, NULL, NULL, NULL, NULL, NULL, NULL,  1, 0, 0, N'I', 0, NULL, NULL, NULL, NULL, NULL, NULL, NULL, 1, NULL, N'MrSolution', GETDATE(), CONVERT(BIT, 'True'), 1, NULL, NULL, NULL, NULL, NULL, 1),
    (25, N'PURCHASE RETURN', N'PURCHASE RETURN', N'PU00002', N'1000006', N'Other', 10, NULL, NULL, NULL, NULL, NULL, NULL,  1, 0, 0, N'I', 0, NULL, NULL, NULL, NULL, NULL, NULL, NULL, 1, NULL, N'MrSolution', GETDATE(), CONVERT(BIT, 'True'), 1, NULL, NULL, NULL, NULL, NULL, 1),
    (26, N'REFRESHMENT EXPENSES', N'REFRESHMENT EXPENSES', N'RE00001', N'200019', N'Other', 2, NULL, NULL, NULL, NULL, NULL, NULL, 1, 0, 0, N'I', 0, NULL, NULL, NULL, NULL, NULL, NULL, NULL, 1, NULL, N'MrSolution', GETDATE(), CONVERT(BIT, 'True'), 1, NULL, NULL, NULL, NULL, NULL, 1),
    (27, N'RENEW & REGISTRATION EXPENSES', N'RENEW & REGISTRATION EXPENSES', N'RE00002', N'200020', N'Other', 2, NULL, NULL, NULL, NULL, NULL, NULL,1, 0, 0, N'I', 0, NULL, NULL, NULL, NULL, NULL, NULL, NULL, 1, NULL, N'MrSolution', GETDATE(), CONVERT(BIT, 'True'), 1, NULL, NULL, NULL, NULL, NULL, 1),
    (28, N'RENT EXPENSES', N'RENT EXPENSES', N'RE00003', N'200021', N'Other', 2, NULL, NULL, NULL, NULL, NULL, NULL, 1, 0, 0, N'I', 0, NULL, NULL, NULL, NULL, NULL, NULL, NULL, 1, NULL, N'MrSolution', GETDATE(), CONVERT(BIT, 'True'), 1, NULL, NULL, NULL, NULL, NULL, 1),
    (29, N'RENT PAYABLE', N'RENT PAYABLE', N'RE00004', N'600003', N'Other', 6, NULL, NULL, NULL, NULL, NULL, NULL, 1, 0, 0, N'I', 0, NULL, NULL, NULL, NULL, NULL, NULL, NULL, 1, NULL, N'MrSolution', GETDATE(), CONVERT(BIT, 'True'), 1, NULL, NULL, NULL, NULL, NULL, 1),
    (30, N'REPAIR & MAINTENANCE OF OFFICE EQUIPMENT', N'REPAIR & MAINTENANCE OF OFFICE EQUIPMENT', N'RE00005', N'200022', N'Other', 2, NULL, NULL, NULL, NULL, NULL, NULL, 1, 0, 0, N'I', 0, NULL, NULL, NULL, NULL, NULL, NULL, NULL, 1, NULL, N'MrSolution', GETDATE(), CONVERT(BIT, 'True'), 1, NULL, NULL, NULL, NULL, NULL, 1),
    (31, N'REPAIR & MAINTENANCE OF OFFICE VEHICLE', N'REPAIR & MAINTENANCE OF OFFICE VEHICLE', N'RE00006', N'200023', N'Other', 2, NULL, NULL, NULL, NULL, NULL, NULL, 1, 0, 0, N'I', 0, NULL, NULL, NULL, NULL, NULL, NULL, NULL, 1, NULL, N'MrSolution', GETDATE(), CONVERT(BIT, 'True'), 1, NULL, NULL, NULL, NULL, NULL, 1),
    (32, N'SALARY EXPENSES', N'SALARY EXPENSES', N'SA00001', N'200024', N'Other', 2, NULL, NULL, NULL, NULL, NULL, NULL, 1, 0, 0, N'I', 0, NULL, NULL, NULL, NULL, NULL, NULL, NULL, 1, NULL, N'MrSolution', GETDATE(), CONVERT(BIT, 'True'), 1, NULL, NULL, NULL, NULL, NULL, 1),
    (33, N'SERVICE CHARGE INCOME', N'SERVICE CHARGE INCOME', N'SCH0001', N'200032', N'Other', 10, NULL, NULL, NULL, NULL, NULL, NULL, 1, 0, 0, N'I', 0, NULL, NULL, NULL, NULL, NULL, NULL, NULL, 1, NULL, N'MrSolution', GETDATE(), CONVERT(BIT, 'True'), 1, NULL, NULL, NULL, NULL, NULL, 1),
    (34, N'SALES A/C', N'SALES A/C', N'SA00003', N'1000007', N'Other', 10, NULL, NULL, NULL, NULL, NULL, NULL, 1, 0, 0, N'I', 0, NULL, NULL, NULL, NULL, NULL, NULL, NULL, 1, NULL, N'MrSolution', GETDATE(), CONVERT(BIT, 'True'), 1, NULL, NULL, NULL, NULL, NULL, 1),
    (35, N'SALES RETURN', N'SALES RETURN', N'SA00004', N'200025', N'Other', 2, NULL, NULL, NULL, NULL, NULL, NULL, 1, 0, 0, N'I', 0, NULL, NULL, NULL, NULL, NULL, NULL, NULL, 1, NULL, N'MrSolution', GETDATE(), CONVERT(BIT, 'True'), 1, NULL, NULL, NULL, NULL, NULL, 1),
    (36, N'STAFF WELFARE EXPENSES', N'STAFF WELFARE EXPENSES', N'ST00001', N'200026', N'Other', 2, NULL, NULL, NULL, NULL, NULL, NULL, 1, 0, 0, N'I', 0, NULL, NULL, NULL, NULL, NULL, NULL, NULL, 1, NULL, N'MrSolution', GETDATE(), CONVERT(BIT, 'True'), 1, NULL, NULL, NULL, NULL, NULL, 1),
    (37, N'STOCK IN HAND', N'STOCK IN HAND', N'ST00002', N'500004', N'Other', 5, NULL, NULL, NULL, NULL, NULL, NULL,1, 0, 0, N'I', 0, NULL, NULL, NULL, NULL, NULL, NULL, NULL, 1, NULL, N'MrSolution', GETDATE(), CONVERT(BIT, 'True'), 1, NULL, NULL, NULL, NULL, NULL, 1),
    (38, N'TDS PAYABLE', N'TDS PAYABLE', N'TD00001', N'600006', N'Other', 6, NULL, NULL, NULL, NULL, NULL, NULL,1, 0, 0, N'I', 0, NULL, NULL, NULL, NULL, NULL, NULL, NULL, 1, NULL, N'MrSolution', GETDATE(), CONVERT(BIT, 'True'), 1, NULL, NULL, NULL, NULL, NULL, 1),
    (39, N'TDS RECEIVABLE', N'TDS RECEIVABLE', N'TD00002', N'500005', N'Other', 5, NULL, NULL, NULL, NULL, NULL, NULL,1, 0, 0, N'I', 0, NULL, NULL, NULL, NULL, NULL, NULL, NULL, 1, NULL, N'MrSolution', GETDATE(), CONVERT(BIT, 'True'), 1, NULL, NULL, NULL, NULL, NULL, 1),
    (40, N'TELEPHONE & POSTAGE EXPENSES', N'TELEPHONE & POSTAGE EXPENSES', N'TE00001', N'200027', N'Other', 2, NULL, NULL, NULL, NULL, NULL, NULL,1, 0, 0, N'I', 0, NULL, NULL, NULL, NULL, NULL, NULL, NULL, 1, NULL, N'MrSolution', GETDATE(), CONVERT(BIT, 'True'), 1, NULL, NULL, NULL, NULL, NULL, 1),
    (41, N'VALUE ADDED TAX', N'VALUE ADDED TAX', N'VA00001', N'600007', N'Other', 6, NULL, NULL, NULL, NULL, NULL, NULL,1, 0, 0, N'I', 0, NULL, NULL, NULL, NULL, NULL, NULL, NULL, 1, NULL, N'MrSolution', GETDATE(), CONVERT(BIT, 'True'), 1, NULL, NULL, NULL, NULL, NULL, 1),
    (42, N'WAGES EXPENSES', N'WAGES EXPENSES', N'WA00001', N'200028', N'Other', 2, NULL, NULL, NULL, NULL, NULL, NULL,1, 0, 0, N'I', 0, NULL, NULL, NULL, NULL, NULL, NULL, NULL, 1, NULL, N'MrSolution', GETDATE(), CONVERT(BIT, 'True'), 1, NULL, NULL, NULL, NULL, NULL, 1),
    (43, N'WATER & ELECTRICITY EXPENSES', N'WATER & ELECTRICITY EXPENSES', N'WA00002', N'200029', N'Other', 2, NULL, NULL, NULL, NULL, NULL, NULL,1, 0, 0, N'I', 0, NULL, NULL, NULL, NULL, NULL, NULL, NULL, 1, NULL, N'MrSolution', GETDATE(), CONVERT(BIT, 'True'), 1, NULL, NULL, NULL, NULL, NULL, 1),
    (44, N'FUEL EXPENSES', N'FUEL EXPENSES', N'FU00001', N'200030', N'Other', 2, NULL, NULL, NULL, NULL, NULL, NULL,1, 0, 0, N'I', 0, NULL, NULL, NULL, NULL, NULL, NULL, NULL, 1, NULL, N'MrSolution', GETDATE(), CONVERT(BIT, 'True'), 1, NULL, NULL, NULL, NULL, NULL, 1),
    (45, N'REPAIR & RENEWAL', N'REPAIR & RENEWAL', N'RE00007', N'1900002', N'Other', 19, NULL, NULL, NULL, NULL, NULL, NULL,1, 0, 0, N'I', 0, NULL, NULL, NULL, NULL, NULL, NULL, NULL, 1, NULL, N'MrSolution', GETDATE(), CONVERT(BIT, 'True'), 1, NULL, NULL, NULL, NULL, NULL, 1),
    (47, N'SALESMAN SALARY', N'SALESMAN SALARY', N'SA00005', N'1200003', N'Other', 12, NULL, NULL, NULL, NULL, NULL, NULL,1, 0, 0, N'I', 0, NULL, NULL, NULL, NULL, NULL, NULL, NULL, 1, NULL, N'MrSolution', GETDATE(), CONVERT(BIT, 'True'), 1, NULL, NULL, NULL, NULL, NULL, 1),
    (48, N'GODOWN RENT', N'GODOWN RENT', N'GO00001', N'1200004', N'Other', 12, NULL, NULL, NULL, NULL, NULL, NULL,1, 0, 0, N'I', 0, NULL, NULL, NULL, NULL, NULL, NULL, NULL, 1, NULL, N'MrSolution', GETDATE(), CONVERT(BIT, 'True'), 1, NULL, NULL, NULL, NULL, NULL, 1),
    (49, N'CARRIAGE AND FREIGHT', N'CARRIAGE AND FREIGHT', N'CA00002', N'1200005', N'Other', 12, NULL, NULL, NULL, NULL, NULL, NULL,1, 0, 0, N'I', 0, NULL, NULL, NULL, NULL, NULL, NULL, NULL, 1, NULL, N'MrSolution', GETDATE(), CONVERT(BIT, 'True'), 1, NULL, NULL, NULL, NULL, NULL, 1),
    (50, N'BAD DEBTS', N'BAD DEBTS', N'BA00001', N'1200006', N'Other', 12, NULL, NULL, NULL, NULL, NULL, NULL,1, 0, 0, N'I', 0, NULL, NULL, NULL, NULL, NULL, NULL, NULL, 1, NULL, N'MrSolution', GETDATE(), CONVERT(BIT, 'True'), 1, NULL, NULL, NULL, NULL, NULL, 1),
    (51, N'BANK CHARGES', N'BANK CHARGES', N'SA00006', N'2000031', N'Other', 20, NULL, NULL, NULL, NULL, NULL, NULL,1, 0, 0, N'I', 0, NULL, NULL, NULL, NULL, NULL, NULL, NULL, 1, NULL, N'MrSolution', GETDATE(), CONVERT(BIT, 'True'), 1, NULL, NULL, NULL, NULL, NULL, 1),
    (53, N'INTEREST ON LOAN', N'INTEREST ON LOAN', N'IN00002', N'2000033', N'Other', 20, NULL, NULL, NULL, NULL, NULL, NULL,1, 0, 0, N'I', 0, NULL, NULL, NULL, NULL, NULL, NULL, NULL, 1, NULL, N'MrSolution', GETDATE(), CONVERT(BIT, 'True'), 1, NULL, NULL, NULL, NULL, NULL, 1),
    (54, N'PRELIMINARY EXPENSES WRITTEN OFF', N'PRELIMINARY EXPENSES WRITTEN OFF', N'PR00005', N'2100002', N'Other', 21, NULL, NULL, NULL, NULL, NULL, NULL, 1, 0, 0, N'I', 0, NULL, NULL, NULL, NULL, NULL, NULL, NULL, 1, NULL, N'MrSolution', GETDATE(), CONVERT(BIT, 'True'), 1, NULL, NULL, NULL, NULL, NULL, 1),
    (55, N'GOODWILL RETURN OFF', N'GOODWILL RETURN OFF', N'GO00002', N'2200002', N'Other', 22, NULL, NULL, NULL, NULL, NULL, NULL, 1, 0, 0, N'I', 0, NULL, NULL, NULL, NULL, NULL, NULL, NULL, 1, NULL, N'MrSolution', GETDATE(), CONVERT(BIT, 'True'), 1, NULL, NULL, NULL, NULL, NULL, 1),
    (56, N'PATENT WRITTEN OFF', N'PATENT WRITTEN OFF', N'PA00001', N'2200003', N'Other', 22, NULL, NULL, NULL, NULL, NULL, NULL, 1, 0, 0, N'I', 0, NULL, NULL, NULL, NULL, NULL, NULL, NULL, 1, NULL, N'MrSolution', GETDATE(), CONVERT(BIT, 'True'), 1, NULL, NULL, NULL, NULL, NULL, 1),
    (57, N'COPYRIGHT WRITTEN OFF', N'COPYRIGHT WRITTEN OFF', N'CO00001', N'2200004', N'Other', 22, NULL, NULL, NULL, NULL, NULL, NULL, 1, 0, 0, N'I', 0, NULL, NULL, NULL, NULL, NULL, NULL, NULL, 1, NULL, N'MrSolution', GETDATE(), CONVERT(BIT, 'True'), 1, NULL, NULL, NULL, NULL, NULL, 1),
    (58, N'TRADEMARK WRITTEN OFF', N'TRADEMARK WRITTEN OFF', N'TR00001', N'2200005', N'Other', 22, NULL, NULL, NULL, NULL, NULL, NULL, 1, 0, 0, N'I', 0, NULL, NULL, NULL, NULL, NULL, NULL, NULL, 1, NULL, N'MrSolution', GETDATE(), CONVERT(BIT, 'True'), 1, NULL, NULL, NULL, NULL, NULL, 1),
    (59, N'GENERAL RESERVER & CAPITAL A/C', N'GENERAL RESERVER & CAPITAL A/C', N'CA00003', N'2300002', N'Other', 23, NULL, NULL, NULL, NULL, NULL, NULL, 1, 0, 0, N'I', 0, NULL, NULL, NULL, NULL, NULL, NULL, NULL, 1, NULL, N'MrSolution', GETDATE(), CONVERT(BIT, 'True'), 1, NULL, NULL, NULL, NULL, NULL, 1),
    (60, N'CAPITAL REDEMPTION RESERVE', N'CAPITAL REDEMPTION RESERVE', N'CA00004', N'2300003', N'Other', 23, NULL, NULL,NULL, NULL, NULL, NULL, 1, 0, 0, N'I', 0, NULL, NULL, NULL, NULL, NULL, NULL, NULL, 1, NULL, N'MrSolution', GETDATE(), CONVERT(BIT, 'True'), 1, NULL, NULL, NULL, NULL, NULL, 1),
    (61, N'SECURITIES PREMIUM', N'SECURITIES PREMIUM', N'SE00001', N'2300004', N'Other', 23, NULL, NULL, NULL, NULL, NULL,NULL, 1, 0, 0, N'I', 0, NULL, NULL, NULL, NULL, NULL, NULL, NULL, 1, NULL, N'MrSolution', GETDATE(), CONVERT(BIT, 'True'), 1, NULL, NULL, NULL, NULL, NULL, 1),
    (62, N'DEBENTURES', N'DEBENTURES', N'DE00004', N'2400002', N'Other', 24, NULL, NULL, NULL, NULL, NULL, NULL, 1, 0, 0, N'I', 0, NULL, NULL, NULL, NULL, NULL, NULL, NULL, 1, NULL, N'MrSolution', GETDATE(), CONVERT(BIT, 'True'), 1, NULL, NULL, NULL, NULL, NULL, 1),
    (63, N'LOAN AND ADVANCES FROM BANK', N'LOAN AND ADVANCES FROM BANK', N'LO00002', N'2400003', N'Bank', 24,NULL, NULL, NULL, NULL, NULL, NULL, 1, 0, 0, N'I', 0, NULL, NULL, NULL, NULL, NULL, NULL, NULL, 1, NULL, N'MrSolution', GETDATE(), CONVERT(BIT, 'True'), 1, NULL, NULL, NULL, NULL, NULL, 1),
    (64, N'OTHER LOAND AND ADVANCES', N'OTHER LOAND AND ADVANCES', N'OT00001', N'2400004', N'Other', 24, NULL,NULL, NULL, NULL, NULL, NULL, 1, 0, 0, N'I', 0, NULL, NULL, NULL, NULL, NULL, NULL, NULL, 1, NULL, N'MrSolution', GETDATE(), CONVERT(BIT, 'True'), 1, NULL, NULL, NULL, NULL, NULL, 1),
    (65, N'OUTSTANDING EXPENSES', N'OUTSTANDING EXPENSES', N'OU00001', N'600009', N'Other', 6, NULL, NULL, NULL, NULL, NULL, NULL, 1, 0, 0, N'I', 0, NULL, NULL, NULL, NULL, NULL, NULL, NULL, 1, NULL, N'MrSolution', GETDATE(), CONVERT(BIT, 'True'), 1, NULL, NULL, NULL, NULL, NULL, 1),
    (66, N'TAXATION', N'TAXATION', N'TA00001', N'2500002', N'Other', 25, NULL, NULL, NULL, NULL, NULL, NULL,1, 0, 0, N'I', 0, NULL, NULL, NULL, NULL, NULL, NULL, NULL, 1, NULL, N'MrSolution', GETDATE(), CONVERT(BIT, 'True'), 1, NULL, NULL, NULL, NULL, NULL, 1),
    (67, N'DIVIDEND', N'DIVIDEND', N'DI00004', N'2500003', N'Other', 25, NULL, NULL, NULL, NULL, NULL, NULL,1, 0, 0, N'I', 0, NULL, NULL, NULL, NULL, NULL, NULL, NULL, 1, NULL, N'MrSolution', GETDATE(), CONVERT(BIT, 'True'), 1, NULL, NULL, NULL, NULL, NULL, 1),
    (68, N'PLANT AND MACHINERY', N'PLANT AND MACHINERY', N'PL00001', N'900009', N'Other', 9, NULL, NULL, NULL,NULL, NULL, NULL, 1, 0, 0, N'I', 0, NULL, NULL, NULL, NULL, NULL, NULL, NULL, 1, NULL, N'MrSolution', GETDATE(), CONVERT(BIT, 'True'), 1, NULL, NULL, NULL, NULL, NULL, 1),
    (69, N'FURNITURE', N'FURNITURE', N'FU00002', N'900010', N'Other', 9, NULL, NULL, NULL, NULL, NULL, NULL,1, 0, 0, N'I', 0, NULL, NULL, NULL, NULL, NULL, NULL, NULL, 1, NULL, N'MrSolution', GETDATE(), CONVERT(BIT, 'True'), 1, NULL, NULL, NULL, NULL, NULL, 1),
    (70, N'GOODWILL', N'GOODWILL', N'GO00003', N'900011', N'Other', 9, NULL, NULL, NULL, NULL, NULL, NULL,1, 0, 0, N'I', 0, NULL, NULL, NULL, NULL, NULL, NULL, NULL, 1, NULL, N'MrSolution', GETDATE(), CONVERT(BIT, 'True'), 1, NULL, NULL, NULL, NULL, NULL, 1),
    (71, N'LEASEHOLD PREMISES', N'LEASEHOLD PREMISES', N'LE00001', N'900012', N'Other', 9, NULL, NULL,NULL, NULL, NULL, NULL, 1, 0, 0, N'I', 0, NULL, NULL, NULL, NULL, NULL, NULL, NULL, 1, NULL, N'MrSolution', GETDATE(), CONVERT(BIT, 'True'), 1, NULL, NULL, NULL, NULL, NULL, 1),
    (73, N'PATENT AND TRADE MARK', N'PATENT AND TRADE MARK', N'PA00002', N'900013', N'Other', 9, NULL,NULL, NULL, NULL, NULL, NULL, 1, 0, 0, N'I', 0, NULL, NULL, NULL, NULL, NULL, NULL, NULL, 1, NULL, N'MrSolution', GETDATE(), CONVERT(BIT, 'True'), 1, NULL, NULL, NULL, NULL, NULL, 1),
    (74, N'PETTY CASH', N'PETTY CASH', N'PE00001', N'500010', N'Other', 5, NULL, NULL, NULL, NULL, NULL, NULL, 1, 0, 0, N'I', 0, NULL, NULL, NULL, NULL, NULL, NULL, NULL, 1, NULL, N'MrSolution', GETDATE(), CONVERT(BIT, 'True'), 1, NULL, NULL, NULL, NULL, NULL, 1),
    (75, N'BILLS PAYABLE', N'BILLS PAYABLE', N'BI00002', N'600010', N'Other', 6, NULL, NULL, NULL,NULL, NULL, NULL, 1, 0, 0, N'I', 0, NULL, NULL, NULL, NULL, NULL, NULL, NULL, 1, NULL, N'MrSolution', GETDATE(), CONVERT(BIT, 'True'), 1, NULL, NULL, NULL, NULL, NULL, 1),
    (76, N'BILLS RECEIVABLE', N'BILLS RECEIVABLE', N'BI0003', N'500011', N'Other', 5, NULL, NULL, NULL, NULL, NULL, NULL, 1, 0, 0, N'I', 0, NULL, NULL, NULL, NULL, NULL, NULL, NULL, 1, NULL, N'MrSolution', GETDATE(), CONVERT(BIT, 'True'), 1, NULL, NULL, NULL, NULL, NULL, 1),
    (77, N'CHEQUE IN HAND', N'CHEQUE IN HAND', N'CI00002', N'400003', N'Bank', 4, 2, NULL, NULL, NULL, NULL, NULL, 1, 0, 0, N'I', 0, NULL, NULL, NULL, NULL, NULL, NULL, NULL, 1, NULL, N'MrSolution', GETDATE(), CONVERT(BIT, 'True'), 1, NULL, NULL, NULL, NULL, NULL, 1),
    (78, N'SERVICE CHARGE', N'SERVICE CHARGE', N'SC00001', N'210004', N'Other', 2, NULL, NULL, NULL, NULL, NULL, NULL, 1, 0, 0, N'I', 0, NULL, NULL, NULL, NULL, NULL, NULL, NULL, 1, NULL, N'MrSolution', GETDATE(), CONVERT(BIT, 'True'), 1, NULL, NULL, NULL, NULL, NULL, 1),
    (79, N'SALARY PAYABLE', N'SALARY PAYABLE', N'SP00004', N'600004', N'Other', 6, NULL, NULL,NULL, NULL, NULL, NULL, 1, 0, 0, N'I', 0, NULL, NULL, NULL, NULL, NULL, NULL, NULL, 1, NULL, N'MrSolution', GETDATE(), CONVERT(BIT, 'True'), 1, NULL, NULL, NULL, NULL, NULL, 1),
    (80, N'PROVIDENT FUND', N'PROVIDENT FUND', N'PF00005', N'600005', N'Other', 6, NULL, NULL,NULL, NULL, NULL, NULL, 1, 0, 0, N'I', 0, NULL, NULL, NULL, NULL, NULL, NULL, NULL, 1, NULL, N'MrSolution', GETDATE(), CONVERT(BIT, 'True'), 1, NULL, NULL, NULL, NULL, NULL, 1);

    IF NOT EXISTS (SELECT * FROM AMS.SystemSetting)
    INSERT INTO AMS.SystemSetting(SyId)
    VALUES(1)

    IF NOT EXISTS (SELECT * FROM AMS.FinanceSetting)
    INSERT INTO AMS.FinanceSetting(FinId)
    VALUES(1)

    IF NOT EXISTS (SELECT * FROM AMS.PurchaseSetting)
    INSERT INTO AMS.PurchaseSetting(PurId)
    VALUES(1)

    IF NOT EXISTS (SELECT * FROM AMS.SalesSetting)
    INSERT INTO AMS.SalesSetting(SalesId)
    VALUES(1)


    IF NOT EXISTS (SELECT * FROM AMS.InventorySetting)
    INSERT INTO AMS.InventorySetting(InvId)
    VALUES(1)

