INSERT AMS_MUNA01.AMS.Branch(Branch_Id, Branch_Name, Branch_Code, Reg_Date, Address, Country, State, City, PhoneNo, Fax, Email, ContactPerson, ContactPersonAdd, ContactPersonPhone, Created_By, Created_Date, Modify_By, Modify_Date) 
VALUES 
(1, N'MAIN OFFICE', N'MO0001', GETDATE(), N'Putalisadak, Kathmandu', N'Nepal', NULL, NULL, NULL, NULL, NULL, NULL, NULL, NULL, N'MrSolution', GETDATE(), NULL, NULL)
GO

INSERT AMS_MUNA01.AMS.AccountGroup(GrpId, GrpName, GrpCode, Schedule, PrimaryGrp, GrpType, Branch_ID, Company_Id, Status, EnterBy, EnterDate, PrimaryGroupId, IsDefault, NepaliDesc) 
VALUES 
(1, N'CAPITAL AND GENERAL RESERVE', N'CA00001', 1, N'Balance Sheet', N'Liabilities', 1, NULL, CONVERT(bit, 'True'), N'MrSolution', GETDATE(), 0, '1', N''),
(2, N'MrSolutionISTRATIVE EXPENSES', N'AD00001', 2, N'Profit & Loss', N'Expenses', 1, NULL, CONVERT(bit, 'True'), N'MrSolution', GETDATE(), NULL, '1', N''),
(3, N'BILLS PAYABLE', N'BI00001', 3, N'Balance Sheet', N'Liabilities', 1, NULL, CONVERT(bit, 'True'), N'MrSolution', GETDATE(), 0, '1', N''),
(4, N'CASH & BANK', N'CA00002', 4, N'Balance Sheet', N'Assets', 1, NULL, CONVERT(bit, 'True'), N'MrSolution', GETDATE(), NULL, '1', N''),
(5, N'CURRENT ASSETS', N'CU00001', 5, N'Balance Sheet', N'Assets', 1, NULL, CONVERT(bit, 'True'), N'MrSolution', GETDATE(), NULL, '1', N''),
(6, N'CURRENT LIABILITIES', N'CU00002', 6, N'Balance Sheet', N'Liabilities', 1, NULL, CONVERT(bit, 'True'), N'MrSolution', GETDATE(), NULL, '1', N''),
(7, N'DIRECT EXPENSES', N'DI00001', 7, N'Profit & Loss', N'Expenses', 1, NULL, CONVERT(bit, 'True'), N'MrSolution', GETDATE(), NULL, '1', N''),
(8, N'DIS-ALLOWED EXPENSES', N'DI00002', 8, N'Profit & Loss', N'Expenses', 1, NULL, CONVERT(bit, 'True'), N'MrSolution', GETDATE(), NULL, '1', N''),
(9, N'FIXED ASSETS', N'FI00001', 9, N'Balance Sheet', N'Assets', 1, NULL, CONVERT(bit, 'True'), N'MrSolution', GETDATE(), 0, '1', N''),
(10, N'INCOME (REVENUE)', N'IN00001', 10, N'Profit & Loss', N'Income', 1, NULL, CONVERT(bit, 'True'), N'MrSolution', GETDATE(), NULL, '1', N''),
(11, N'INDIRECT EXPENSES', N'IN00002', 11, N'Profit & Loss', N'Expenses', 1, NULL, CONVERT(bit, 'True'), N'MrSolution', GETDATE(), NULL, '1', N''),
(12, N'SELLING & DISTRIBUTION EXPENSES', N'SE00001', 12, N'Profit & Loss', N'Expenses', 1, NULL, CONVERT(bit, 'True'), N'MrSolution', GETDATE(), NULL, '1', N''),
(13, N'SUNDRY CREDITORS', N'SU00001', 13, N'Balance Sheet', N'Liabilities', 1, NULL, CONVERT(bit, 'True'), N'MrSolution', GETDATE(), NULL, '1', N''),
(14, N'SUNDRY DEBTORS', N'SU00002', 14, N'Balance Sheet', N'Assets', 1, NULL, CONVERT(bit, 'True'), N'MrSolution', GETDATE(), NULL, '1', N''),
(15, N'BILLS RECEIVABLE', N'BI00002', 15, N'Balance Sheet', N'Assets', 1, NULL, CONVERT(bit, 'True'), N'MrSolution', GETDATE(), NULL, '1', N''),
(16, N'SALES', N'SA00001', 16, N'Trading Account', N'Income', 1, NULL, CONVERT(bit, 'True'), N'MrSolution', GETDATE(), NULL, '1', N''),
(17, N'CLEANING CHARGES', N'CL00001', 17, N'Trading Account', N'Expenses', 1, NULL, CONVERT(bit, 'True'), N'MrSolution', GETDATE(), NULL, '1', N''),
(18, N'EXCISE DUTY', N'EX00001', 18, N'Trading Account', N'Expenses', 1, NULL, CONVERT(bit, 'True'), N'MrSolution', GETDATE(), NULL, '1', N''),
(19, N'MAINTEANANCE EXPENSES', N'MA00001', 19, N'Profit & Loss', N'Expenses', 1, NULL, CONVERT(bit, 'True'), N'MrSolution', GETDATE(), NULL, '1', N''),
(20, N'FINANCIAL EXPENSES', N'FI00002', 20, N'Profit & Loss', N'Expenses', 1, NULL, CONVERT(bit, 'True'), N'MrSolution', GETDATE(), NULL, '1', N''),
(21, N'EXPENSES AS WRITTEN OFF', N'EX00002', 21, N'Profit & Loss', N'Expenses', 1, NULL, CONVERT(bit, 'True'), N'MrSolution', GETDATE(), NULL, '1', N''),
(22, N'INTANGIBLE ASSETS WRITTEN OFF', N'IN00003', 22, N'Profit & Loss', N'Expenses', 1, NULL, CONVERT(bit, 'True'), N'MrSolution', GETDATE(), NULL, '1', N''),
(23, N'RESERVE & SURPLUS', N'RE00001', 23, N'Balance Sheet', N'Liabilities', 1, NULL, CONVERT(bit, 'True'), N'MrSolution', GETDATE(), NULL, '1', N''),
(24, N'SECURED LOAN', N'SE00002', 24, N'Balance Sheet', N'Liabilities', 1, NULL, CONVERT(bit, 'True'), N'MrSolution', GETDATE(), NULL, '1', N''),
(25, N'PROVISIONS', N'PR00001', 25, N'Balance Sheet', N'Liabilities', 1, NULL, CONVERT(bit, 'True'), N'MrSolution', GETDATE(), NULL, '1', N''),
(26, N'INVESTMENT', N'IN00004', 26, N'Balance Sheet', N'Assets', 1, NULL, CONVERT(bit, 'True'), N'MrSolution', GETDATE(), NULL, '1', N''),
(27, N'MISCELLANEOUS EXPENDITURE', N'MI00001', 27, N'Balance Sheet', N'Assets', 1, NULL, CONVERT(bit, 'True'), N'MrSolution', GETDATE(), NULL, '1', N''),
(28, N'LOAN AND ADVANCES', N'LO00001', 28, N'Balance Sheet', N'Assets', 1, NULL, CONVERT(bit, 'True'), N'MrSolution', GETDATE(), NULL, '1', N'');
GO

INSERT AMS_MUNA01.AMS.AccountSubGroup(SubGrpId, SubGrpName, GrpID, SubGrpCode, Branch_ID, Company_ID, Status, EnterBy, EnterDate, PrimaryGroupId, PrimarySubGroupId, IsDefault, NepaliDesc) 
VALUES 
(1, N'CASH IN HAND', 4, N'CA00001', 1, NULL, CONVERT(bit, 'True'), N'MrSolution', GETDATE(), 0, NULL, '1', N''),
(2, N'CASH AT BANK', 4, N'CA00002', 1, NULL, CONVERT(bit, 'True'), N'MrSolution', GETDATE(), 0, NULL, '1', N'')
GO

INSERT AMS_MUNA01.AMS.Currency(CId, CName, Ccode, CRate, Branch_Id, Company_Id, Status, EnterBy, EnterDate) 
VALUES 
(1, N'NPR', N'NPR', 1.000000, 1, NULL, CONVERT(bit, 'True'), N'MrSolution', GETDATE())
GO

SET IDENTITY_INSERT AMS_MUNA01.AMS.FiscalYear ON
GO
INSERT AMS_MUNA01.AMS.FiscalYear(FY_Id, AD_FY, BS_FY, Current_FY, Start_ADDate, End_ADDate, Start_BSDate, End_BSDate) 
VALUES 
(1, '10/11', '67/68', CONVERT(bit, 'False'), '2010-07-16 00:00:00.000', '2011-07-15 00:00:00.000', '01/04/2067', '32/03/2068'),
(2, '11/12', '68/69', CONVERT(bit, 'False'), '2011-07-17 00:00:00.000', '2012-07-16 00:00:00.000', '01/04/2068', '32/03/2069'),
(3, '12/13', '69/70', CONVERT(bit, 'False'), '2012-07-16 00:00:00.000', '2013-07-15 00:00:00.000', '01/04/2069', '31/03/2070'),
(4, '13/14', '70/71', CONVERT(bit, 'False'), '2013-07-16 00:00:00.000', '2014-07-15 00:00:00.000', '01/04/2070', '31/03/2071'),
(5, '14/15', '71/72', CONVERT(bit, 'False'), '2014-07-16 00:00:00.000', '2015-07-15 00:00:00.000', '01/04/2071', '31/03/2072'),
(6, '15/16', '72/73', CONVERT(bit, 'False'), '2015-07-16 00:00:00.000', '2016-07-15 00:00:00.000', '01/04/2072', '31/03/2073'),
(7, '16/17', '73/74', CONVERT(bit, 'False'), '2016-07-16 00:00:00.000', '2017-07-15 00:00:00.000', '01/04/2073', '31/03/2074'),
(8, '17/18', '74/75', CONVERT(bit, 'False'), '2017-07-16 00:00:00.000', '2018-07-16 00:00:00.000', '01/04/2074', '31/03/2075'),
(9, '18/19', '75/76', CONVERT(bit, 'False'), '2018-07-17 00:00:00.000', '2019-07-16 00:00:00.000', '01/04/2075', '31/03/2076'),
(10, '20/21', '76/77', CONVERT(bit, 'False'), '2019-07-17 00:00:00.000', '2020-07-15 00:00:00.000', '01/04/2076', '31/03/2077'),
(11, '21/22', '77/78', CONVERT(bit, 'False'), '2020-07-16 00:00:00.000', '2021-07-15 00:00:00.000', '01/04/2077', '31/03/2078'),
(12, '22/23', '79/80', CONVERT(bit, 'False'), '2021-07-16 00:00:00.000', '2022-07-15 00:00:00.000', '01/04/2078', '31/03/2079'),
(13, '23/24', '80/81', CONVERT(bit, 'False'), '2022-07-16 00:00:00.000', '2023-07-15 00:00:00.000', '01/04/2079', '31/03/2080'),
(14, '24/25', '81/82', CONVERT(bit, 'False'), '2023-07-16 00:00:00.000', '2024-07-15 00:00:00.000', '01/04/2080', '31/03/2081'),
(15, '25/26', '83/84', CONVERT(bit, 'False'), '2024-07-16 00:00:00.000', '2025-07-15 00:00:00.000', '01/04/2081', '31/03/2082');
GO
SET IDENTITY_INSERT AMS_MUNA01.AMS.FiscalYear OFF
GO

INSERT AMS_MUNA01.AMS.GeneralLedger(GLID, GLName, GLCode, ACCode, GLType, GrpId, SubGrpId, PanNo, AreaId, AgentId, CurrId, CrDays, CrLimit, CrTYpe, IntRate, GLAddress, PhoneNo, LandLineNo, OwnerName, OwnerNumber, Scheme, Email, Branch_id, Company_Id, EnterBy, EnterDate, Status, PrimaryGroupId, PrimarySubGroupId, IsDefault, NepaliDesc) 
VALUES 
(1, N'CASH A/C', N'CA00001', N'400001', N'Cash', 4, NULL, NULL, NULL, NULL, NULL, 0, 0.000000, N'Ignore', 0.000000, NULL, NULL, NULL, NULL, NULL, NULL, NULL, 1, NULL, N'MrSolution', GETDATE(), CONVERT(bit, 'True'), 0, 0, '1', NULL),
(2, N'CIVIL BANK LTD A/C', N'CI00001', N'400002', N'Bank', 4, NULL, NULL, NULL, NULL, NULL, 0, 0.000000, N'Ignore', 0.000000, NULL, NULL, NULL, NULL, NULL, NULL, NULL, 1, NULL, N'MrSolution',  GETDATE(), CONVERT(bit, 'True'), 0, 0, '1', NULL),
(3, N'CLOSING STOCK', N'CL00001', N'1000001', N'Other', 10, NULL, NULL, NULL, NULL, NULL, 0, 0.000000, N'Ignore', 0.000000, NULL, NULL, NULL, NULL, NULL, NULL, NULL, 1, NULL, N'MrSolution',  GETDATE(), CONVERT(bit, 'True'), 0, 0, '1', NULL),
(4, N'CUSTOM DUTY', N'CU00001', N'200002', N'Other', 2, NULL, NULL, NULL, NULL, NULL, 0, 0.000000, N'Ignore', 0.000000, NULL, NULL, NULL, NULL, NULL, NULL, NULL, 1, NULL, N'MrSolution',  GETDATE(), CONVERT(bit, 'True'), 0, 0, '1', NULL),
(6, N'DISCOUNT ALLOWED', N'DI00001', N'200004', N'Other', 2, NULL, NULL, NULL, NULL, NULL, 0, 0.000000, N'Ignore', 0.000000, NULL, NULL, NULL, NULL, NULL, NULL, NULL, 1, NULL, N'MrSolution',  GETDATE(), CONVERT(bit, 'True'), 0, 0, '1', NULL),
(7, N'DEPRECIATION EXPENSES', N'DE00002', N'200005', N'Other', 2, NULL, NULL, NULL, NULL, NULL, 0, 0.000000, N'Ignore', 0.000000, NULL, NULL, NULL, NULL, NULL, NULL, NULL, 1, NULL, N'MrSolution',  GETDATE(), CONVERT(bit, 'True'), 0, 0, '1', NULL),
(8, N'DISCOUNT RECEIVED', N'DI00002', N'1000002', N'Other', 10, NULL, NULL, NULL, NULL, NULL, 0, 0.000000, N'Ignore', 0.000000, NULL, NULL, NULL, NULL, NULL, NULL, NULL, 1, NULL, N'MrSolution',  GETDATE(), CONVERT(bit, 'True'), 0, 0, '1', NULL),
(9, N'FINE & PENALTY EXPENSES', N'FI00001', N'200007', N'Other', 2, NULL, NULL, NULL, NULL, NULL, 0, 0.000000, N'Ignore', 0.000000, NULL, NULL, NULL, NULL, NULL, NULL, NULL, 1, NULL, N'MrSolution',  GETDATE(), CONVERT(bit, 'True'), 0, 0, '1', NULL),
(10, N'FREIGHT CHARGE', N'FR00001', N'200008', N'Other', 2, NULL, NULL, NULL, NULL, NULL, 0, 0.000000, N'Ignore', 0.000000, NULL, NULL, NULL, NULL, NULL, NULL, NULL, 1, NULL, N'MrSolution',  GETDATE(), CONVERT(bit, 'True'), 0, 0, '1', NULL),
(11, N'INTEREST EXPENSES', N'IN00001', N'200009', N'Other', 2, NULL, NULL, NULL, NULL, NULL, 0, 0.000000, N'Ignore', 0.000000, NULL, NULL, NULL, NULL, NULL, NULL, NULL, 1, NULL, N'MrSolution',  GETDATE(), CONVERT(bit, 'True'), 0, 0, '1', NULL),
(12, N'LOADING & UNLOADING EXPENSES', N'LO00001', N'200010', N'Other', 2, NULL, NULL, NULL, NULL, NULL, 0, 0.000000, N'Ignore', 0.000000, NULL, NULL, NULL, NULL, NULL, NULL, NULL, 1, NULL, N'MrSolution',  GETDATE(), CONVERT(bit, 'True'), 0, 0, '1', NULL),
(13, N'M&R SOLUTION', N'M&00001', N'1300001', N'Vendor', 13, NULL, NULL, NULL, NULL, NULL, 0, 0.000000, N'Ignore', 0.000000, NULL, NULL, NULL, NULL, NULL, NULL, NULL, 1, NULL, N'MrSolution',  GETDATE(), CONVERT(bit, 'True'), 0, 0, '1', NULL),
(14, N'MARKETING EXPENSES', N'MA00001', N'200011', N'Other', 2, NULL, NULL, NULL, NULL, NULL, 0, 0.000000, N'Ignore', 0.000000, NULL, NULL, NULL, NULL, NULL, NULL, NULL, 1, NULL, N'MrSolution',  GETDATE(), CONVERT(bit, 'True'), 0, 0, '1', NULL),
(15, N'MISCELLANEOUS EXPENSES', N'MI00001', N'200012', N'Other', 2, NULL, NULL, NULL, NULL, NULL, 0, 0.000000, N'Ignore', 0.000000, NULL, NULL, NULL, NULL, NULL, NULL, NULL, 1, NULL, N'MrSolution',  GETDATE(), CONVERT(bit, 'True'), 0, 0, '1', NULL),
(16, N'Mr Solution ACCOUNTING SOFTWARE', N'MR00001', N'900002', N'Other', 9, NULL, NULL, NULL, NULL, NULL, 0, 0.000000, N'Ignore', 0.000000, NULL, NULL, NULL, NULL, NULL, NULL, NULL, 1, NULL, N'MrSolution',  GETDATE(), CONVERT(bit, 'True'), 0, 0, '1', NULL),
(17, N'DECLERATION FEE', N'DE0003', N'200013', N'Other', 2, NULL, NULL, NULL, NULL, NULL, 0, 0.000000, N'Ignore', 0.000000, NULL, NULL, NULL, NULL, NULL, NULL, NULL, 1, NULL, N'MrSolution',  GETDATE(), CONVERT(bit, 'True'), 0, 0, '1', NULL),
(18, N'OFFICE EXPENSES', N'OF00001', N'200014', N'Other', 2, NULL, NULL, NULL, NULL, NULL, 0, 0.000000, N'Ignore', 0.000000, NULL, NULL, NULL, NULL, NULL, NULL, NULL, 1, NULL, N'MrSolution',  GETDATE(), CONVERT(bit, 'True'), 0, 0, '1', NULL),
(19, N'OPENING STOCK', N'OP00001', N'200015', N'Other', 2, NULL, NULL, NULL, NULL, NULL, 0, 0.000000, N'Ignore', 0.000000, NULL, NULL, NULL, NULL, NULL, NULL, NULL, 1, NULL, N'MrSolution',  GETDATE(), CONVERT(bit, 'True'), 0, 0, '1', NULL),
(20, N'PRE-PAID EXPENSES', N'PR00001', N'200016', N'Other', 2, NULL, NULL, NULL, NULL, NULL, 0, 0.000000, N'Ignore', 0.000000, NULL, NULL, NULL, NULL, NULL, NULL, NULL, 1, NULL, N'MrSolution',  GETDATE(), CONVERT(bit, 'True'), 0, 0, '1', NULL),
(21, N'PRINTING AND STATIONERY EXPENSES', N'PR00002', N'900003', N'Other', 9, NULL, NULL, NULL, NULL, NULL, 0, 0.000000, N'Ignore', 0.000000, NULL, NULL, NULL, NULL, NULL, NULL, NULL, 1, NULL, N'MrSolution',  GETDATE(), CONVERT(bit, 'True'), 0, 0, '1', NULL),
(22, N'PROFIT & LOSS', N'PR00003', N'100012', N'Other', 1, NULL, NULL, NULL, NULL, NULL, 0, 0.000000, N'Ignore', 0.000000, NULL, NULL, NULL, NULL, NULL, NULL, NULL, 1, NULL, N'MrSolution',  GETDATE(), CONVERT(bit, 'True'), 0, 0, '1', NULL),
(23, N'PROFIT & LOSS A/C OF PREVIOUS YEAR', N'PR00004', N'100013', N'Other', 1, NULL, NULL, NULL, NULL, NULL, 0, 0.000000, N'Ignore', 0.000000, NULL, NULL, NULL, NULL, NULL, NULL, NULL, 1, NULL, N'MrSolution',  GETDATE(), CONVERT(bit, 'True'), 0, 0, '1', NULL),
(24, N'PURCHASE A/C', N'PU00001', N'200018', N'Other', 2, NULL, NULL, NULL, NULL, NULL, 0, 0.000000, N'Ignore', 0.000000, NULL, NULL, NULL, NULL, NULL, NULL, NULL, 1, NULL, N'MrSolution',  GETDATE(), CONVERT(bit, 'True'), 0, 0, '1', NULL),
(25, N'PURCHASE RETURN', N'PU00002', N'1000006', N'Other', 10, NULL, NULL, NULL, NULL, NULL, 0, 0.000000, N'Ignore', 0.000000, NULL, NULL, NULL, NULL, NULL, NULL, NULL, 1, NULL, N'MrSolution',  GETDATE(), CONVERT(bit, 'True'), 0, 0, '1', NULL),
(26, N'REFRESHMENT EXPENSES', N'RE00001', N'200019', N'Other', 2, NULL, NULL, NULL, NULL, NULL, 0, 0.000000, N'Ignore', 0.000000, NULL, NULL, NULL, NULL, NULL, NULL, NULL, 1, NULL, N'MrSolution', GETDATE(), CONVERT(bit, 'True'), 0, 0, '1', NULL),
(27, N'RENEW & REGISTRATION EXPENSES', N'RE00002', N'200020', N'Other', 2, NULL, NULL, NULL, NULL, NULL, 0, 0.000000, N'Ignore', 0.000000, NULL, NULL, NULL, NULL, NULL, NULL, NULL, 1, NULL, N'MrSolution',  GETDATE(), CONVERT(bit, 'True'), 0, 0, '1', NULL),
(28, N'RENT EXPENSES', N'RE00003', N'200021', N'Other', 2, NULL, NULL, NULL, NULL, NULL, 0, 0.000000, N'Ignore', 0.000000, NULL, NULL, NULL, NULL, NULL, NULL, NULL, 1, NULL, N'MrSolution',  GETDATE(), CONVERT(bit, 'True'), 0, 0, '1', NULL),
(29, N'RENT PAYABLE', N'RE00004', N'600003', N'Other', 6, NULL, NULL, NULL, NULL, NULL, 0, 0.000000, N'Ignore', 0.000000, NULL, NULL, NULL, NULL, NULL, NULL, NULL, 1, NULL, N'MrSolution',  GETDATE(), CONVERT(bit, 'True'), 0, 0, '1', NULL),
(30, N'REPAIR & MAINTENANCE OF OFFICE EQUIPMENT', N'RE00005', N'200022', N'Other', 2, NULL, NULL, NULL, NULL, NULL, 0, 0.000000, N'Ignore', 0.000000, NULL, NULL, NULL, NULL, NULL, NULL, NULL, 1, NULL, N'MrSolution',  GETDATE(), CONVERT(bit, 'True'), 0, 0, '1', NULL),
(31, N'REPAIR & MAINTENANCE OF OFFICE VEHICLE', N'RE00006', N'200023', N'Other', 2, NULL, NULL, NULL, NULL, NULL, 0, 0.000000, N'Ignore', 0.000000, NULL, NULL, NULL, NULL, NULL, NULL, NULL, 1, NULL, N'MrSolution',  GETDATE(), CONVERT(bit, 'True'), 0, 0, '1', NULL),
(32, N'SALARY EXPENSES', N'SA00001', N'200024', N'Other', 2, NULL, NULL, NULL, NULL, NULL, 0, 0.000000, N'Ignore', 0.000000, NULL, NULL, NULL, NULL, NULL, NULL, NULL, 1, NULL, N'MrSolution',  GETDATE(), CONVERT(bit, 'True'), 0, 0, '1', NULL),
(34, N'SALES A/C', N'SA00003', N'1000007', N'Other', 10, NULL, NULL, NULL, NULL, NULL, 0, 0.000000, N'Ignore', 0.000000, NULL, NULL, NULL, NULL, NULL, NULL, NULL, 1, NULL, N'MrSolution',  GETDATE(), CONVERT(bit, 'True'), 0, 0, '1', NULL),
(35, N'SALES RETURN', N'SA00004', N'200025', N'Other', 2, NULL, NULL, NULL, NULL, NULL, 0, 0.000000, N'Ignore', 0.000000, NULL, NULL, NULL, NULL, NULL, NULL, NULL, 1, NULL, N'MrSolution',  GETDATE(), CONVERT(bit, 'True'), 0, 0, '1', NULL),
(36, N'STAFF WELFARE EXPENSES', N'ST00001', N'200026', N'Other', 2, NULL, NULL, NULL, NULL, NULL, 0, 0.000000, N'Ignore', 0.000000, NULL, NULL, NULL, NULL, NULL, NULL, NULL, 1, NULL, N'MrSolution',  GETDATE(), CONVERT(bit, 'True'), 0, 0, '1', NULL),
(37, N'STOCK IN HAND', N'ST00002', N'500004', N'Other', 5, NULL, NULL, NULL, NULL, NULL, 0, 0.000000, N'Ignore', 0.000000, NULL, NULL, NULL, NULL, NULL, NULL, NULL, 1, NULL, N'MrSolution',  GETDATE(), CONVERT(bit, 'True'), 0, 0, '1', NULL),
(38, N'TDS PAYABLE', N'TD00001', N'600006', N'Other', 6, NULL, NULL, NULL, NULL, NULL, 0, 0.000000, N'Ignore', 0.000000, NULL, NULL, NULL, NULL, NULL, NULL, NULL, 1, NULL, N'MrSolution',  GETDATE(), CONVERT(bit, 'True'), 0, 0, '1', NULL),
(39, N'TDS RECEIVABLE', N'TD00002', N'500005', N'Other', 5, NULL, NULL, NULL, NULL, NULL, 0, 0.000000, N'Ignore', 0.000000, NULL, NULL, NULL, NULL, NULL, NULL, NULL, 1, NULL, N'MrSolution',  GETDATE(), CONVERT(bit, 'True'), 0, 0, '1', NULL),
(40, N'TELEPHONE & POSTAGE EXPENSES', N'TE00001', N'200027', N'Other', 2, NULL, NULL, NULL, NULL, NULL, 0, 0.000000, N'Ignore', 0.000000, NULL, NULL, NULL, NULL, NULL, NULL, NULL, 1, NULL, N'MrSolution',  GETDATE(), CONVERT(bit, 'True'), 0, 0, '1', NULL),
(41, N'VALUE ADDED TAX', N'VA00001', N'600007', N'Other', 6, NULL, NULL, NULL, NULL, NULL, 0, 0.000000, N'Ignore', 0.000000, NULL, NULL, NULL, NULL, NULL, NULL, NULL, 1, NULL, N'MrSolution',  GETDATE(), CONVERT(bit, 'True'), 0, 0, '1', NULL),
(42, N'WAGES EXPENSES', N'WA00001', N'200028', N'Other', 2, NULL, NULL, NULL, NULL, NULL, 0, 0.000000, N'Ignore', 0.000000, NULL, NULL, NULL, NULL, NULL, NULL, NULL, 1, NULL, N'MrSolution',  GETDATE(), CONVERT(bit, 'True'), 0, 0, '1', NULL),
(43, N'WATER & ELECTRICITY EXPENSES', N'WA00002', N'200029', N'Other', 2, NULL, NULL, NULL, NULL, NULL, 0, 0.000000, N'Ignore', 0.000000, NULL, NULL, NULL, NULL, NULL, NULL, NULL, 1, NULL, N'MrSolution',  GETDATE(), CONVERT(bit, 'True'), 0, 0, '1', NULL),
(44, N'FUEL EXPENSES', N'FU00001', N'200030', N'Other', 2, NULL, NULL, NULL, NULL, NULL, 0, 0.000000, N'Ignore', 0.000000, NULL, NULL, NULL, NULL, NULL, NULL, NULL, 1, NULL, N'MrSolution',  GETDATE(), CONVERT(bit, 'True'), 0, 0, '1', NULL),
(45, N'REPAIR & RENEWAL', N'RE00007', N'1900002', N'Other', 19, NULL, NULL, NULL, NULL, NULL, 0, 0.000000, N'Ignore', 0.000000, NULL, NULL, NULL, NULL, NULL, NULL, NULL, 1, NULL, N'MrSolution',  GETDATE(), CONVERT(bit, 'True'), 0, 0, '1', NULL),
(47, N'SALESMAN SALARY', N'SA00005', N'1200003', N'Other', 12, NULL, NULL, NULL, NULL, NULL, 0, 0.000000, N'Ignore', 0.000000, NULL, NULL, NULL, NULL, NULL, NULL, NULL, 1, NULL, N'MrSolution',  GETDATE(), CONVERT(bit, 'True'), 0, 0, '1', NULL),
(48, N'GODOWN RENT', N'GO00001', N'1200004', N'Other', 12, NULL, NULL, NULL, NULL, NULL, 0, 0.000000, N'Ignore', 0.000000, NULL, NULL, NULL, NULL, NULL, NULL, NULL, 1, NULL, N'MrSolution',  GETDATE(), CONVERT(bit, 'True'), 0, 0, '1', NULL),
(49, N'CARRIAGE AND FREIGHT', N'CA00002', N'1200005', N'Other', 12, NULL, NULL, NULL, NULL, NULL, 0, 0.000000, N'Ignore', 0.000000, NULL, NULL, NULL, NULL, NULL, NULL, NULL, 1, NULL, N'MrSolution',  GETDATE(), CONVERT(bit, 'True'), 0, 0, '1', NULL),
(50, N'BAD DEBTS', N'BA00001', N'1200006', N'Other', 12, NULL, NULL, NULL, NULL, NULL, 0, 0.000000, N'Ignore', 0.000000, NULL, NULL, NULL, NULL, NULL, NULL, NULL, 1, NULL, N'MrSolution',  GETDATE(), CONVERT(bit, 'True'), 0, 0, '1', NULL),
(51, N'BANK CHARGES', N'SA00006', N'2000031', N'Bank', 20, NULL, NULL, NULL, NULL, NULL, 0, 0.000000, N'Ignore', 0.000000, NULL, NULL, NULL, NULL, NULL, NULL, NULL, 1, NULL, N'MrSolution',  GETDATE(), CONVERT(bit, 'True'), 0, 0, '1', NULL),
(53, N'INTEREST ON LOAN', N'IN00002', N'2000033', N'Other', 20, NULL, NULL, NULL, NULL, NULL, 0, 0.000000, N'Ignore', 0.000000, NULL, NULL, NULL, NULL, NULL, NULL, NULL, 1, NULL, N'MrSolution',  GETDATE(), CONVERT(bit, 'True'), 0, 0, '1', NULL),
(54, N'PRELIMINARY EXPENSES WRITTEN OFF', N'PR00005', N'2100002', N'Other', 21, NULL, NULL, NULL, NULL, NULL, 0, 0.000000, N'Ignore', 0.000000, NULL, NULL, NULL, NULL, NULL, NULL, NULL, 1, NULL, N'MrSolution',  GETDATE(), CONVERT(bit, 'True'), 0, 0, '1', NULL),
(55, N'GOODWILL RETURN OFF', N'GO00002', N'2200002', N'Other', 22, NULL, NULL, NULL, NULL, NULL, 0, 0.000000, N'Ignore', 0.000000, NULL, NULL, NULL, NULL, NULL, NULL, NULL, 1, NULL, N'MrSolution',  GETDATE(), CONVERT(bit, 'True'), 0, 0, '1', NULL),
(56, N'PATENT WRITTEN OFF', N'PA00001', N'2200003', N'Other', 22, NULL, NULL, NULL, NULL, NULL, 0, 0.000000, N'Ignore', 0.000000, NULL, NULL, NULL, NULL, NULL, NULL, NULL, 1, NULL, N'MrSolution',  GETDATE(), CONVERT(bit, 'True'), 0, 0, '1', NULL),
(57, N'COPYRIGHT WRITTEN OFF', N'CO00001', N'2200004', N'Other', 22, NULL, NULL, NULL, NULL, NULL, 0, 0.000000, N'Ignore', 0.000000, NULL, NULL, NULL, NULL, NULL, NULL, NULL, 1, NULL, N'MrSolution',  GETDATE(), CONVERT(bit, 'True'), 0, 0, '1', NULL),
(58, N'TRADEMARK WRITTEN OFF', N'TR00001', N'2200005', N'Other', 22, NULL, NULL, NULL, NULL, NULL, 0, 0.000000, N'Ignore', 0.000000, NULL, NULL, NULL, NULL, NULL, NULL, NULL, 1, NULL, N'MrSolution',  GETDATE(), CONVERT(bit, 'True'), 0, 0, '1', NULL),
(59, N'CAPITAL RESERVE', N'CA00003', N'2300002', N'Other', 23, NULL, NULL, NULL, NULL, NULL, 0, 0.000000, N'Ignore', 0.000000, NULL, NULL, NULL, NULL, NULL, NULL, NULL, 1, NULL, N'MrSolution',  GETDATE(), CONVERT(bit, 'True'), 0, 0, '1', NULL),
(60, N'CAPITAL REDEMPTION RESERVE', N'CA00004', N'2300003', N'Other', 23, NULL, NULL, NULL, NULL, NULL, 0, 0.000000, N'Ignore', 0.000000, NULL, NULL, NULL, NULL, NULL, NULL, NULL, 1, NULL, N'MrSolution',  GETDATE(), CONVERT(bit, 'True'), 0, 0, '1', NULL),
(61, N'SECURITIES PREMIUM', N'SE00001', N'2300004', N'Other', 23, NULL, NULL, NULL, NULL, NULL, 0, 0.000000, N'Ignore', 0.000000, NULL, NULL, NULL, NULL, NULL, NULL, NULL, 1, NULL, N'MrSolution',  GETDATE(), CONVERT(bit, 'True'), 0, 0, '1', NULL),
(62, N'DEBENTURES', N'DE00004', N'2400002', N'Other', 24, NULL, NULL, NULL, NULL, NULL, 0, 0.000000, N'Ignore', 0.000000, NULL, NULL, NULL, NULL, NULL, NULL, NULL, 1, NULL, N'MrSolution',  GETDATE(), CONVERT(bit, 'True'), 0, 0, '1', NULL),
(63, N'LOAN AND ADVANCES FROM BANK', N'LO00002', N'2400003', N'Bank', 24, NULL, NULL, NULL, NULL, NULL, 0, 0.000000, N'Ignore', 0.000000, NULL, NULL, NULL, NULL, NULL, NULL, NULL, 1, NULL, N'MrSolution',  GETDATE(), CONVERT(bit, 'True'), 0, 0, '1', NULL),
(64, N'OTHER LOAND AND ADVANCES', N'OT00001', N'2400004', N'Other', 24, NULL, NULL, NULL, NULL, NULL, 0, 0.000000, N'Ignore', 0.000000, NULL, NULL, NULL, NULL, NULL, NULL, NULL, 1, NULL, N'MrSolution',  GETDATE(), CONVERT(bit, 'True'), 0, 0, '1', NULL),
(65, N'OUTSTANDING EXPENSES', N'OU00001', N'600009', N'Other', 6, NULL, NULL, NULL, NULL, NULL, 0, 0.000000, N'Ignore', 0.000000, NULL, NULL, NULL, NULL, NULL, NULL, NULL, 1, NULL, N'MrSolution',  GETDATE(), CONVERT(bit, 'True'), 0, 0, '1', NULL),
(66, N'TAXATION', N'TA00001', N'2500002', N'Other', 25, NULL, NULL, NULL, NULL, NULL, 0, 0.000000, N'Ignore', 0.000000, NULL, NULL, NULL, NULL, NULL, NULL, NULL, 1, NULL, N'MrSolution',  GETDATE(), CONVERT(bit, 'True'), 0, 0, '1', NULL),
(67, N'DIVIDEND', N'DI00004', N'2500003', N'Other', 25, NULL, NULL, NULL, NULL, NULL, 0, 0.000000, N'Ignore', 0.000000, NULL, NULL, NULL, NULL, NULL, NULL, NULL, 1, NULL, N'MrSolution',  GETDATE(), CONVERT(bit, 'True'), 0, 0, '1', NULL),
(68, N'PLANT AND MACHINERY', N'PL00001', N'900009', N'Other', 9, NULL, NULL, NULL, NULL, NULL, 0, 0.000000, N'Ignore', 0.000000, NULL, NULL, NULL, NULL, NULL, NULL, NULL, 1, NULL, N'MrSolution',  GETDATE(), CONVERT(bit, 'True'), 0, 0, '1', NULL),
(69, N'FURNITURE', N'FU00002', N'900010', N'Other', 9, NULL, NULL, NULL, NULL, NULL, 0, 0.000000, N'Ignore', 0.000000, NULL, NULL, NULL, NULL, NULL, NULL, NULL, 1, NULL, N'MrSolution',  GETDATE(), CONVERT(bit, 'True'), 0, 0, '1', NULL),
(70, N'GOODWILL', N'GO00003', N'900011', N'Other', 9, NULL, NULL, NULL, NULL, NULL, 0, 0.000000, N'Ignore', 0.000000, NULL, NULL, NULL, NULL, NULL, NULL, NULL, 1, NULL, N'MrSolution',  GETDATE(), CONVERT(bit, 'True'), 0, 0, '1', NULL),
(71, N'LEASEHOLD PREMISES', N'LE00001', N'900012', N'Other', 9, NULL, NULL, NULL, NULL, NULL, 0, 0.000000, N'Ignore', 0.000000, NULL, NULL, NULL, NULL, NULL, NULL, NULL, 1, NULL, N'MrSolution',  GETDATE(), CONVERT(bit, 'True'), 0, 0, '1', NULL),
(73, N'PATENT AND TRADE MARK', N'PA00002', N'900013', N'Other', 9, NULL, NULL, NULL, NULL, NULL, 0, 0.000000, N'Ignore', 0.000000, NULL, NULL, NULL, NULL, NULL, NULL, NULL, 1, NULL, N'MrSolution',  GETDATE(), CONVERT(bit, 'True'), 0, 0, '1', NULL),
(74, N'PETTY CASH', N'PE00001', N'500010', N'Other', 5, NULL, NULL, NULL, NULL, NULL, 0, 0.000000, N'Ignore', 0.000000, NULL, NULL, NULL, NULL, NULL, NULL, NULL, 1, NULL, N'MrSolution',  GETDATE(), CONVERT(bit, 'True'), 0, 0, '1', NULL),
(75, N'BILLS PAYABLE', N'BI00002', N'600010', N'Other', 6, NULL, NULL, NULL, NULL, NULL, 0, 0.000000, N'Ignore', 0.000000, NULL, NULL, NULL, NULL, NULL, NULL, NULL, 1, NULL, N'MrSolution',  GETDATE(), CONVERT(bit, 'True'), 0, 0, '1', NULL),
(76, N'BILLS RECEIVABLE', N'BI0003', N'500011', N'Other', 5, NULL, NULL, NULL, NULL, NULL, 0, 0.000000, N'Ignore', 0.000000, NULL, NULL, NULL, NULL, NULL, NULL, NULL, 1, NULL, N'MrSolution',  GETDATE(), CONVERT(bit, 'True'), 0, 0, '1', NULL);
GO